Timestamp,Survey Type,Department,Tenure,Overall Satisfaction,Main Feedback,Manager Experience,Anything Else
2026-09-01 10:15,Exit Interview,Sales,1-3 years,2,Targets har mahine badh jaate hain aur workload bahut zyada hai,Manager supportive the lekin khud pressure mein rehte the,
2026-09-01 14:30,Pulse Survey,Engineering,3-5 years,4,Kaam interesting hai lekin deadlines kabhi kabhi unrealistic hoti hain,Manager technical guidance achhi dete hain,
2026-09-02 11:00,Exit Interview,Engineering,3-5 years,3,Teen saal se promotion nahi mila aur growth ruk gayi thi,Theek tha lekin career discussion kabhi nahi hua,Dusri company mein better offer mila
2026-09-02 16:45,Pulse Survey,Operations,0-1 year,4,Team achhi hai bas onboarding thoda confusing tha,Manager bahut helpful hain,
2026-09-03 09:20,Exit Interview,Marketing,1-3 years,1,Salary market se kaafi kam hai,Manager feedback nahi dete sirf galtiyan nikaalte hain,
2026-09-04 13:10,Pulse Survey,Sales,3-5 years,2,Weekend par bhi calls aati hain aur work-life balance bilkul nahi hai,Manager weekend par bhi kaam expect karte hain,
2026-09-05 10:05,Exit Interview,Engineering,0-1 year,1,Mera manager meeting mein sabke saamne cheekhta tha aur job se nikalne ki dhamki deta tha,Bahut toxic experience tha aur HR ko batane se darr lagta tha,Please isko seriously lein
2026-09-07 15:30,Pulse Survey,HR,5+ years,5,Company culture bahut achha hai aur flexibility milti hai,Manager mentor jaise hain,
2026-09-08 11:40,Exit Interview,Operations,1-3 years,3,Ghar ke paas naya job mila kyunki commute 2 ghante ka tha,Koi problem nahi thi,
2026-09-08 17:00,Pulse Survey,Engineering,1-3 years,3,Naye tools aur learning budget chahiye,Achhe hain lekin 1:1 meetings aksar cancel ho jaati hain,
2026-09-09 10:30,Exit Interview,Sales,0-1 year,2,Job description kuch aur tha aur kaam kuch aur mila,Koi proper training nahi di gayi,
2026-09-10 12:15,Pulse Survey,Marketing,1-3 years,2,Har hafte priorities badal jaati hain aur clarity nahi hai,Manager khud confused rehte hain,
2026-09-11 14:00,Exit Interview,Engineering,5+ years,3,Company mein naya kuch seekhne ko nahi mil raha tha,Manager achhe the lekin senior leadership sunti nahi,Leadership ko engineers ki baat sunni chahiye
2026-09-12 09:45,Pulse Survey,Operations,3-5 years,2,Shift timings bahut irregular hain aur neend poori nahi hoti,Manager samajhte hain par kuch kar nahi paate,
2026-09-14 11:20,Exit Interview,Sales,1-3 years,2,Incentive structure fair nahi hai aur payout late aata hai,Manager ne kabhi meri baat upar tak nahi pahunchayi,
2026-09-14 16:10,Pulse Survey,HR,1-3 years,4,Team supportive hai lekin kaam ka load thoda zyada hai,Manager regular check-in karte hain,
2026-09-15 10:00,Exit Interview,Marketing,0-1 year,2,Mere kaam ka credit hamesha kisi aur ko mil jaata tha,Manager favouritism karte the,
2026-09-16 13:35,Pulse Survey,Engineering,3-5 years,3,Remote work policy baar baar badalti hai,Theek hain,Hybrid policy clear honi chahiye
2026-09-17 15:50,Exit Interview,Operations,3-5 years,2,Salary increment sirf 3 percent mila jabki kaam double ho gaya,Manager ne appraisal mein support nahi kiya,
2026-09-18 10:25,Pulse Survey,Sales,0-1 year,3,Product training achhi thi lekin targets pehle mahine se hi bahut high hain,Manager motivate karte hain,
2026-09-19 12:40,Exit Interview,Engineering,1-3 years,1,Team lead ne kai baar mere baare mein galat comments kiye aur mujhe team se alag kar diya,Mujhe har din mentally harass kiya gaya,Main chahta hoon is par investigation ho
2026-09-21 09:30,Pulse Survey,Marketing,3-5 years,4,Creative freedom milti hai jo mujhe pasand hai,Manager ideas ko encourage karte hain,
2026-09-21 14:20,Exit Interview,HR,3-5 years,3,Higher studies ke liye ja rahi hoon,Bahut achha experience tha,Company ko miss karungi
2026-09-22 11:10,Pulse Survey,Operations,1-3 years,2,Equipment purana hai aur baar baar kharab hota hai,Manager ne kai baar request aage bheji par kuch nahi hua,
2026-09-23 16:00,Exit Interview,Sales,3-5 years,2,Burnout ho gaya tha aur chhutti bhi approve nahi hoti thi,Manager ne leave kai baar reject ki,
2026-09-24 10:45,Pulse Survey,Engineering,0-1 year,4,Mentorship program bahut useful hai,Manager patient hain aur sab samjhaate hain,
2026-09-25 13:15,Exit Interview,Marketing,1-3 years,2,Promotion criteria clear nahi hai aur growth path dikhta nahi,Manager ne kabhi goals set nahi kiye,
2026-09-26 09:55,Pulse Survey,Sales,1-3 years,1,Itna pressure hai ki anxiety hone lagi hai,Manager roz sabke saamne numbers ko lekar insult karte hain,Mujhe nahi pata kab tak yahan reh paunga
2026-09-27 15:40,Exit Interview,Operations,0-1 year,3,Relocation ki wajah se chhod raha hoon,Manager achhe the,
2026-09-28 11:30,Pulse Survey,HR,3-5 years,3,Internal communication kamzor hai aur important updates late milte hain,Manager theek hain,
